Wilhelm Conrad Röntgen,male,1901,physics,1,Munich University,Germany,56
Hendrik A. Lorentz,male,1902,physics,2,Leiden University,Netherlands,49
Pieter Zeeman,male,1902,physics,2,Amsterdam University,Netherlands,37
Henri Becquerel,male,1903,physics,2,École Polytechnique,France,51
Pierre Curie,male,1903,physics,4,École municipale de physique et de chimie industrielles (Municipal School of Industrial Physics and Chemistry),France,44
Marie Curie,female,1911,chemistry,1,Sorbonne University,France,44
Lord Rayleigh,male,1904,physics,1,Royal Institution of Great Britain,United Kingdom,62
Philipp Lenard,male,1905,physics,1,Kiel University,Germany,43
J.J. Thomson,male,1906,physics,1,University of Cambridge,United Kingdom,50
Albert A. Michelson,male,1907,physics,1,University of Chicago,USA,55
Gabriel Lippmann,male,1908,physics,1,Sorbonne University,France,63
Guglielmo Marconi,male,1909,physics,2,Marconi Wireless Telegraph Co. Ltd.,United Kingdom,35
Ferdinand Braun,male,1909,physics,2,Strasbourg University,Germany (now France),59
Johannes Diderik van der Waals,male,1910,physics,1,Amsterdam University,Netherlands,73
Wilhelm Wien,male,1911,physics,1,Würzburg University,Germany,47
Gustaf Dalén,male,1912,physics,1,Swedish Gas-Accumulator Co.,Sweden,43
Heike Kamerlingh Onnes,male,1913,physics,1,Leiden University,Netherlands,60
Max von Laue,male,1914,physics,1,Frankfurt-on-the-Main University,Germany,35
William Bragg,male,1915,physics,2,University College,United Kingdom,53
Lawrence Bragg,male,1915,physics,2,Victoria University,United Kingdom,25
Charles Glover Barkla,male,1917,physics,1,Edinburgh University,United Kingdom,40
Max Planck,male,1918,physics,1,Berlin University,Germany,60
Johannes Stark,male,1919,physics,1,Greifswald University,Germany,45
Charles Edouard Guillaume,male,1920,physics,1,Bureau International des Poids et Mesures (International Bureau of Weights and Measures),France,59
Albert Einstein,male,1921,physics,1,Kaiser-Wilhelm-Institut (now Max-Planck-Institut) für Physik,Germany,42
Niels Bohr,male,1922,physics,1,Copenhagen University,Denmark,37
Robert A. Millikan,male,1923,physics,1,California Institute of Technology (Caltech),USA,55
Manne Siegbahn,male,1924,physics,1,Uppsala University,Sweden,38
James Franck,male,1925,physics,2,Goettingen University,Germany,43
Gustav Hertz,male,1925,physics,2,Halle University,Germany,38
Jean Baptiste Perrin,male,1926,physics,1,Sorbonne University,France,56
Arthur H. Compton,male,1927,physics,2,University of Chicago,USA,35
C.T.R. Wilson,male,1927,physics,2,University of Cambridge,United Kingdom,58
Owen Willans Richardson,male,1928,physics,1,London University,United Kingdom,49
Louis de Broglie,male,1929,physics,1,Sorbonne University Institut Henri Poincaré,France,37
Sir Chandrasekhara Venkata Raman,male,1930,physics,1,Calcutta University,India,42
Werner Heisenberg,male,1932,physics,1,Leipzig University,Germany,31
Erwin Schrödinger,male,1933,physics,2,Berlin University,Germany,46
Paul A.M. Dirac,male,1933,physics,2,University of Cambridge,United Kingdom,31
James Chadwick,male,1935,physics,1,Liverpool University,United Kingdom,44
Victor F. Hess,male,1936,physics,2,Innsbruck University,Austria,53
Carl D. Anderson,male,1936,physics,2,California Institute of Technology (Caltech),USA,31
Clinton Davisson,male,1937,physics,2,Bell Telephone Laboratories,USA,56
George Paget Thomson,male,1937,physics,2,London University,United Kingdom,45
Enrico Fermi,male,1938,physics,1,Rome University,Italy,37
Ernest Lawrence,male,1939,physics,1,University of California,USA,38
Otto Stern,male,1943,physics,1,Carnegie Institute of Technology,USA,55
Isidor Isaac Rabi,male,1944,physics,1,Columbia University,USA,46
Wolfgang Pauli,male,1945,physics,1,Princeton University,USA,45
Percy W. Bridgman,male,1946,physics,1,Harvard University,USA,64
Edward V. Appleton,male,1947,physics,1,Department of Scientific and Industrial Research,United Kingdom,55
Patrick M.S. Blackett,male,1948,physics,1,Victoria University,United Kingdom,51
Hideki Yukawa,male,1949,physics,1,Kyoto Imperial University,Japan,42
Cecil Powell,male,1950,physics,1,Bristol University,United Kingdom,47
John Cockcroft,male,1951,physics,2,Atomic Energy Research Establishment,United Kingdom,54
Ernest T.S. Walton,male,1951,physics,2,Trinity College,Ireland,48
Felix Bloch,male,1952,physics,2,Stanford University,USA,47
E. M. Purcell,male,1952,physics,2,Harvard University,USA,40
Frits Zernike,male,1953,physics,1,Groningen University,Netherlands,65
Max Born,male,1954,physics,2,Edinburgh University,United Kingdom,72
Walther Bothe,male,1954,physics,2,University of Heidelberg,Germany,63
Willis E. Lamb,male,1955,physics,2,Stanford University,USA,42
Polykarp Kusch,male,1955,physics,2,Columbia University,USA,44
William B. Shockley,male,1956,physics,3,Semiconductor Laboratory of Beckman Instruments Inc.,USA,46
John Bardeen,male,1956,physics,3,University of Illinois,USA,48
John Bardeen,male,1972,physics,3,University of Illinois,USA,64
Walter H. Brattain,male,1956,physics,3,Bell Telephone Laboratories,USA,54
Chen Ning Yang,male,1957,physics,2,Institute for Advanced Study,USA,35
Tsung-Dao Lee,male,1957,physics,2,Columbia University,USA,31
Pavel A. Cherenkov,male,1958,physics,3,P.N. Lebedev Physical Institute,USSR (now Russia),54
Igor Y. Tamm,male,1958,physics,3,Lomonosov Moscow State University,USSR (now Russia),63
Emilio Segrè,male,1959,physics,2,University of California,USA,54
Owen Chamberlain,male,1959,physics,2,University of California,USA,39
Donald A. Glaser,male,1960,physics,1,University of California,USA,34
Robert Hofstadter,male,1961,physics,2,Stanford University,USA,46
Rudolf Mössbauer,male,1961,physics,2,Technical University,Germany,32
Lev Landau,male,1962,physics,1,Academy of Sciences,USSR (now Russia),54
Eugene Wigner,male,1963,physics,2,Princeton University,USA,61
Maria Goeppert Mayer,female,1963,physics,4,University of California,USA,57
J. Hans D. Jensen,male,1963,physics,4,University of Heidelberg,Germany,56
Charles H. Townes,male,1964,physics,2,Massachusetts Institute of Technology (MIT),USA,49
Nicolay G. Basov,male,1964,physics,4,P.N. Lebedev Physical Institute,USSR (now Russia),42
Aleksandr M. Prokhorov,male,1964,physics,4,P.N. Lebedev Physical Institute,USSR (now Russia),48
Sin-Itiro Tomonaga,male,1965,physics,3,Tokyo University of Education,Japan,59
Julian Schwinger,male,1965,physics,3,Harvard University,USA,47
Richard P. Feynman,male,1965,physics,3,California Institute of Technology (Caltech),USA,47
Alfred Kastler,male,1966,physics,1,École Normale Supérieure,France,64
Hans Bethe,male,1967,physics,1,Cornell University,USA,61
Luis Alvarez,male,1968,physics,1,University of California,USA,57
Murray Gell-Mann,male,1969,physics,1,California Institute of Technology (Caltech),USA,40
Hannes Alfvén,male,1970,physics,2,Royal Institute of Technology,Sweden,62
Louis Néel,male,1970,physics,2,University of Grenoble,France,66
Dennis Gabor,male,1971,physics,1,Imperial College,United Kingdom,71
Leon N. Cooper,male,1972,physics,3,Brown University,USA,42
Robert Schrieffer,male,1972,physics,3,University of Pennsylvania,USA,41
Leo Esaki,male,1973,physics,4,IBM Thomas J. Watson Research Center,USA,48
Ivar Giaever,male,1973,physics,4,General Electric Company,USA,44
Brian D. Josephson,male,1973,physics,2,University of Cambridge,United Kingdom,33
Martin Ryle,male,1974,physics,2,University of Cambridge,United Kingdom,56
Antony Hewish,male,1974,physics,2,University of Cambridge,United Kingdom,50
Aage N. Bohr,male,1975,physics,3,Niels Bohr Institute,Denmark,53
Ben R. Mottelson,male,1975,physics,3,Nordita,Denmark,49
James Rainwater,male,1975,physics,3,Columbia University,USA,58
Burton Richter,male,1976,physics,2,Stanford Linear Accelerator Center,USA,45
Samuel C.C. Ting,male,1976,physics,2,Massachusetts Institute of Technology (MIT),USA,40
Philip W. Anderson,male,1977,physics,3,Bell Telephone Laboratories,USA,54
Sir Nevill F. Mott,male,1977,physics,3,University of Cambridge,United Kingdom,72
John H. van Vleck,male,1977,physics,3,Harvard University,USA,78
Pyotr Kapitsa,male,1978,physics,2,Academy of Sciences,USSR (now Russia),84
Arno Penzias,male,1978,physics,4,Bell Laboratories,USA,45
Robert Woodrow Wilson,male,1978,physics,4,Bell Laboratories,USA,42
Sheldon Glashow,male,1979,physics,3,Harvard University Lyman Laboratory,USA,47
Abdus Salam,male,1979,physics,3,International Centre for Theoretical Physics,Italy,53
Steven Weinberg,male,1979,physics,3,Harvard University,USA,46
James Cronin,male,1980,physics,2,University of Chicago,USA,49
Val Fitch,male,1980,physics,2,Princeton University,USA,57
Nicolaas Bloembergen,male,1981,physics,4,Harvard University,USA,61
Arthur L. Schawlow,male,1981,physics,4,Stanford University,USA,60
Kai M. Siegbahn,male,1981,physics,2,Uppsala University,Sweden,63
Kenneth G. Wilson,male,1982,physics,1,Cornell University,USA,46
Subramanyan Chandrasekhar,male,1983,physics,2,University of Chicago,USA,73
William A. Fowler,male,1983,physics,2,California Institute of Technology (Caltech),USA,72
Carlo Rubbia,male,1984,physics,2,CERN,Switzerland,50
Simon van der Meer,male,1984,physics,2,CERN,Switzerland,59
Klaus von Klitzing,male,1985,physics,1,Max-Planck-Institut für Festkörperforschung,Germany,42
Ernst Ruska,male,1986,physics,2,Fritz-Haber-Institut der Max-Planck-Gesellschaft,Germany,80
Gerd Binnig,male,1986,physics,4,IBM Zurich Research Laboratory,Switzerland,39
Heinrich Rohrer,male,1986,physics,4,IBM Zurich Research Laboratory,Switzerland,53
J. Georg Bednorz,male,1987,physics,2,IBM Zurich Research Laboratory,Switzerland,37
K. Alex Müller,male,1987,physics,2,IBM Zurich Research Laboratory,Switzerland,60
Leon M. Lederman,male,1988,physics,3,Fermi National Accelerator Laboratory,USA,66
Melvin Schwartz,male,1988,physics,3,Digital Pathways Inc.,USA,56
Jack Steinberger,male,1988,physics,3,CERN,Switzerland,67
Norman F. Ramsey,male,1989,physics,2,Harvard University,USA,74
Hans G. Dehmelt,male,1989,physics,4,University of Washington,USA,67
Wolfgang Paul,male,1989,physics,4,University of Bonn,Germany,76
Jerome I. Friedman,male,1990,physics,3,Massachusetts Institute of Technology (MIT),USA,60
Henry W. Kendall,male,1990,physics,3,Massachusetts Institute of Technology (MIT),USA,64
Richard E. Taylor,male,1990,physics,3,Stanford University,USA,61
Pierre-Gilles de Gennes,male,1991,physics,1,Collège de France,France,59
Georges Charpak,male,1992,physics,1,École Supérieure de Physique et Chimie,France,68
Russell A. Hulse,male,1993,physics,2,Princeton University,USA,43
Joseph H. Taylor Jr.,male,1993,physics,2,Princeton University,USA,52
Bertram N. Brockhouse,male,1994,physics,2,McMaster University,Canada,76
Clifford G. Shull,male,1994,physics,2,Massachusetts Institute of Technology (MIT),USA,79
Martin L. Perl,male,1995,physics,2,Stanford University,USA,68
Frederick Reines,male,1995,physics,2,University of California,USA,77
David M. Lee,male,1996,physics,3,Cornell University,USA,65
Douglas D. Osheroff,male,1996,physics,3,Stanford University,USA,51
Robert C. Richardson,male,1996,physics,3,Cornell University,USA,59
Steven Chu,male,1997,physics,3,Stanford University,USA,49
Claude Cohen-Tannoudji,male,1997,physics,3,Collège de France,France,64
William D. Phillips,male,1997,physics,3,National Institute of Standards and Technology,USA,49
Robert B. Laughlin,male,1998,physics,3,Stanford University,USA,48
Horst L. Störmer,male,1998,physics,3,Columbia University,USA,49
Daniel C. Tsui,male,1998,physics,3,Princeton University,USA,59
Gerardus 't Hooft,male,1999,physics,2,Utrecht University,Netherlands,53
Jacobus H. van 't Hoff,male,1901,chemistry,1,Berlin University,Germany,49
Emil Fischer,male,1902,chemistry,1,Berlin University,Germany,50
Svante Arrhenius,male,1903,chemistry,1,Stockholm University,Sweden,44
Sir William Ramsay,male,1904,chemistry,1,University College,United Kingdom,52
Adolf von Baeyer,male,1905,chemistry,1,Munich University,Germany,70
Henri Moissan,male,1906,chemistry,1,Sorbonne University,France,54
Eduard Buchner,male,1907,chemistry,1,Landwirtschaftliche Hochschule (Agricultural College),Germany,47
Ernest Rutherford,male,1908,chemistry,1,Victoria University,United Kingdom,37
Wilhelm Ostwald,male,1909,chemistry,1,Leipzig University,Germany,56
Otto Wallach,male,1910,chemistry,1,Goettingen University,Germany,63
Victor Grignard,male,1912,chemistry,2,Nancy University,France,41
Paul Sabatier,male,1912,chemistry,2,Toulouse University,France,58
Alfred Werner,male,1913,chemistry,1,University of Zurich,Switzerland,47
Theodore W. Richards,male,1914,chemistry,1,Harvard University,USA,46
Richard Willstätter,male,1915,chemistry,1,Munich University,Germany,43
Fritz Haber,male,1918,chemistry,1,Kaiser-Wilhelm-Institut (now Fritz-Haber-Institut) für physikalische Chemie und Electrochemie,Germany,50
Walther Nernst,male,1920,chemistry,1,Berlin University,Germany,56
Frederick Soddy,male,1921,chemistry,1,University of Oxford,United Kingdom,44
Francis W. Aston,male,1922,chemistry,1,University of Cambridge,United Kingdom,45
Fritz Pregl,male,1923,chemistry,1,Graz University,Austria,54
Richard Zsigmondy,male,1925,chemistry,1,Goettingen University,Germany,60
The Svedberg,male,1926,chemistry,1,Uppsala University,Sweden,42
Heinrich Wieland,male,1927,chemistry,1,Munich University,Germany,50
Adolf Windaus,male,1928,chemistry,1,Goettingen University,Germany,52
Arthur Harden,male,1929,chemistry,2,London University,United Kingdom,64
Hans von Euler-Chelpin,male,1929,chemistry,2,Stockholm University,Sweden,56
Hans Fischer,male,1930,chemistry,1,Technische Hochschule (Institute of Technology),Germany,49
Carl Bosch,male,1931,chemistry,2,University of Heidelberg,Germany,57
Friedrich Bergius,male,1931,chemistry,2,University of Heidelberg,Germany,47
Irving Langmuir,male,1932,chemistry,1,General Electric Company,USA,51
Harold C. Urey,male,1934,chemistry,1,Columbia University,USA,41
Frédéric Joliot,male,1935,chemistry,2,Institut du Radium,France,35
Irène Joliot-Curie,female,1935,chemistry,2,Institut du Radium,France,38
Peter Debye,male,1936,chemistry,1,Berlin University,Germany,52
Norman Haworth,male,1937,chemistry,2,Birmingham University,United Kingdom,54
Paul Karrer,male,1937,chemistry,2,University of Zurich,Switzerland,48
Richard Kuhn,male,1938,chemistry,1,Kaiser-Wilhelm-Institut (now Max-Planck Institut) für Medizinische Forschung,Germany,38
Adolf Butenandt,male,1939,chemistry,2,Kaiser-Wilhelm-Institut (now Max-Planck-Institut) für Biochemie,Germany,36
Leopold Ruzicka,male,1939,chemistry,2,Eidgenössische Technische Hochschule (Swiss Federal Institute of Technology),Switzerland,52
George de Hevesy,male,1943,chemistry,1,Stockholm University,Sweden,58
Otto Hahn,male,1944,chemistry,1,Kaiser-Wilhelm-Institut (now Max-Planck Institut) für Chemie,Germany,65
Artturi Virtanen,male,1945,chemistry,1,University of Helsinki,Finland,50
James B. Sumner,male,1946,chemistry,2,Cornell University,USA,59
John H. Northrop,male,1946,chemistry,4,Rockefeller Institute for Medical Research,USA,55
Wendell M. Stanley,male,1946,chemistry,4,Rockefeller Institute for Medical Research,USA,42
Sir Robert Robinson,male,1947,chemistry,1,University of Oxford,United Kingdom,61
Arne Tiselius,male,1948,chemistry,1,Uppsala University,Sweden,46
William F. Giauque,male,1949,chemistry,1,University of California,USA,54
Otto Diels,male,1950,chemistry,2,Kiel University,Germany,74
Kurt Alder,male,1950,chemistry,2,Cologne University,Germany,48
Edwin M. McMillan,male,1951,chemistry,2,University of California,USA,44
Glenn T. Seaborg,male,1951,chemistry,2,University of California,USA,39
Archer J.P. Martin,male,1952,chemistry,2,National Institute for Medical Research,United Kingdom,42
Richard L.M. Synge,male,1952,chemistry,2,Rowett Research Institute,United Kingdom,38
Hermann Staudinger,male,1953,chemistry,1,University of Freiburg,Germany,72
Linus Pauling,male,1962,peace,1,California Institute of Technology (Caltech),USA,61
Linus Pauling,male,1954,chemistry,1,California Institute of Technology (Caltech),USA,53
Vincent du Vigneaud,male,1955,chemistry,1,Cornell University,USA,54
Sir Cyril Hinshelwood,male,1956,chemistry,2,University of Oxford,United Kingdom,59
Nikolay Semenov,male,1956,chemistry,2,Institute for Chemical Physics of the Academy of Sciences of the USSR,USSR (now Russia),60
Lord Todd,male,1957,chemistry,1,University of Cambridge,United Kingdom,50
Frederick Sanger,male,1958,chemistry,1,University of Cambridge,United Kingdom,40
Frederick Sanger,male,1980,chemistry,4,MRC Laboratory of Molecular Biology,United Kingdom,62
Jaroslav Heyrovsky,male,1959,chemistry,1,Polarographic Institute of the Czechoslovak Academy of Science,Czechoslovakia (now Czech Republic),69
Willard F. Libby,male,1960,chemistry,1,University of California,USA,52
Melvin Calvin,male,1961,chemistry,1,University of California,USA,50
Max F. Perutz,male,1962,chemistry,2,MRC Laboratory of Molecular Biology,United Kingdom,48
John C. Kendrew,male,1962,chemistry,2,MRC Laboratory of Molecular Biology,United Kingdom,45
Karl Ziegler,male,1963,chemistry,2,Max-Planck-Institut für Kohlenforschung (Max-Planck-Institute for Carbon Research),Germany,65
Giulio Natta,male,1963,chemistry,2,Institute of Technology,Italy,60
Dorothy Crowfoot Hodgkin,female,1964,chemistry,1,University of Oxford Royal Society,United Kingdom,54
Robert B. Woodward,male,1965,chemistry,1,Harvard University,USA,48
Robert S. Mulliken,male,1966,chemistry,1,University of Chicago,USA,70
Manfred Eigen,male,1967,chemistry,2,Max-Planck-Institut für Physikalische Chemie,Germany,40
Ronald G.W. Norrish,male,1967,chemistry,4,Institute of Physical Chemistry,United Kingdom,70
George Porter,male,1967,chemistry,4,Royal Institution of Great Britain,United Kingdom,47
Lars Onsager,male,1968,chemistry,1,Yale University,USA,65
Derek Barton,male,1969,chemistry,2,Imperial College,United Kingdom,51
Odd Hassel,male,1969,chemistry,2,University of Oslo,Norway,72
Luis Leloir,male,1970,chemistry,1,Institute for Biochemical Research,Argentina,64
Gerhard Herzberg,male,1971,chemistry,1,National Research Council of Canada,Canada,67
Christian Anfinsen,male,1972,chemistry,2,National Institutes of Health,USA,56
Stanford Moore,male,1972,chemistry,4,Rockefeller University,USA,59
William H. Stein,male,1972,chemistry,4,Rockefeller University,USA,61
Ernst Otto Fischer,male,1973,chemistry,2,Technical University,Germany,55
Geoffrey Wilkinson,male,1973,chemistry,2,Imperial College,United Kingdom,52
Paul J. Flory,male,1974,chemistry,1,Stanford University,USA,64
John Cornforth,male,1975,chemistry,2,University of Sussex,United Kingdom,58
Vladimir Prelog,male,1975,chemistry,2,Eidgenössische Technische Hochschule (Swiss Federal Institute of Technology),Switzerland,69
William Lipscomb,male,1976,chemistry,1,Harvard University,USA,57
Ilya Prigogine,male,1977,chemistry,1,Université Libre de Bruxelles,Belgium,60
Peter Mitchell,male,1978,chemistry,1,Glynn Research Laboratories,United Kingdom,58
Herbert C. Brown,male,1979,chemistry,2,Purdue University,USA,67
Georg Wittig,male,1979,chemistry,2,University of Heidelberg,Germany,82
Paul Berg,male,1980,chemistry,2,Stanford University,USA,54
Walter Gilbert,male,1980,chemistry,4,Harvard University Biological Laboratories,USA,48
Kenichi Fukui,male,1981,chemistry,2,Kyoto University,Japan,63
Roald Hoffmann,male,1981,chemistry,2,Cornell University,USA,44
Aaron Klug,male,1982,chemistry,1,MRC Laboratory of Molecular Biology,United Kingdom,56
Henry Taube,male,1983,chemistry,1,Stanford University,USA,68
Bruce Merrifield,male,1984,chemistry,1,Rockefeller University,USA,63
Herbert A. Hauptman,male,1985,chemistry,2,The Medical Foundation of Buffalo,USA,68
Jerome Karle,male,1985,chemistry,2,US Naval Research Laboratory,USA,67
Dudley R. Herschbach,male,1986,chemistry,3,Harvard University,USA,54
Yuan T. Lee,male,1986,chemistry,3,University of California,USA,50
John C. Polanyi,male,1986,chemistry,3,University of Toronto,Canada,57
Donald J. Cram,male,1987,chemistry,3,University of California,USA,68
Jean-Marie Lehn,male,1987,chemistry,3,Université Louis Pasteur,France,48
Charles J. Pedersen,male,1987,chemistry,3,Du Pont,USA,83
Johann Deisenhofer,male,1988,chemistry,3,University of Texas Southwestern Medical Center at Dallas,USA,45
Robert Huber,male,1988,chemistry,3,Max-Planck-Institut für Biochemie,Germany,51
Hartmut Michel,male,1988,chemistry,3,Max-Planck-Institut für Biophysik,Germany,40
Sidney Altman,male,1989,chemistry,2,Yale University,USA,50
Thomas R. Cech,male,1989,chemistry,2,University of Colorado,USA,42
Elias James Corey,male,1990,chemistry,1,Harvard University,USA,62
Richard R. Ernst,male,1991,chemistry,1,Eidgenössische Technische Hochschule (Swiss Federal Institute of Technology),Switzerland,58
Rudolph A. Marcus,male,1992,chemistry,1,California Institute of Technology (Caltech),USA,69
Michael Smith,male,1993,chemistry,2,University of British Columbia,Canada,61
George A. Olah,male,1994,chemistry,1,University of Southern California,USA,67
Paul J. Crutzen,male,1995,chemistry,3,Max-Planck-Institut für Chemie,Germany,62
Mario J. Molina,male,1995,chemistry,3,Massachusetts Institute of Technology (MIT),USA,52
F. Sherwood Rowland,male,1995,chemistry,3,University of California,USA,68
Robert F. Curl Jr.,male,1996,chemistry,3,Rice University,USA,63
Sir Harold Kroto,male,1996,chemistry,3,University of Sussex,United Kingdom,57
Richard E. Smalley,male,1996,chemistry,3,Rice University,USA,53
Paul D. Boyer,male,1997,chemistry,4,University of California,USA,79
John E. Walker,male,1997,chemistry,4,MRC Laboratory of Molecular Biology,United Kingdom,56
Jens C. Skou,male,1997,chemistry,2,Aarhus University,Denmark,79
Walter Kohn,male,1998,chemistry,2,University of California,USA,75
John Pople,male,1998,chemistry,2,Northwestern University,USA,73
Ahmed Zewail,male,1999,chemistry,1,California Institute of Technology (Caltech),USA,53
Emil von Behring,male,1901,medicine,1,Marburg University,Germany,47
Ronald Ross,male,1902,medicine,1,University College,United Kingdom,45
Niels Ryberg Finsen,male,1903,medicine,1,Finsen Medical Light Institute,Denmark,43
Ivan Pavlov,male,1904,medicine,1,Military Medical Academy,Russia,55
Robert Koch,male,1905,medicine,1,Institute for Infectious Diseases,Germany,62
Camillo Golgi,male,1906,medicine,2,Pavia University,Italy,63
Santiago Ramón y Cajal,male,1906,medicine,2,Madrid University,Spain,54
Alphonse Laveran,male,1907,medicine,1,Institut Pasteur,France,62
Ilya Mechnikov,male,1908,medicine,2,Institut Pasteur,France,63
Paul Ehrlich,male,1908,medicine,2,Goettingen University,Germany,54
Theodor Kocher,male,1909,medicine,1,Berne University,Switzerland,68
Albrecht Kossel,male,1910,medicine,1,University of Heidelberg,Germany,57
Allvar Gullstrand,male,1911,medicine,1,Uppsala University,Sweden,49
Alexis Carrel,male,1912,medicine,1,Rockefeller Institute for Medical Research,USA,39
Charles Richet,male,1913,medicine,1,Sorbonne University,France,63
Robert Bárány,male,1914,medicine,1,Vienna University,Austria,38
Jules Bordet,male,1919,medicine,1,Brussels University,Belgium,49
August Krogh,male,1920,medicine,1,Copenhagen University,Denmark,46
Archibald V. Hill,male,1922,medicine,2,London University,United Kingdom,36
Otto Meyerhof,male,1922,medicine,2,Kiel University,Germany,38
Frederick G. Banting,male,1923,medicine,2,University of Toronto,Canada,32
John Macleod,male,1923,medicine,2,University of Toronto,Canada,47
Willem Einthoven,male,1924,medicine,1,Leiden University,Netherlands,64
Johannes Fibiger,male,1926,medicine,1,Copenhagen University,Denmark,59
Julius Wagner-Jauregg,male,1927,medicine,1,Vienna University,Austria,70
Charles Nicolle,male,1928,medicine,1,Institut Pasteur,Tunisia,62
Christiaan Eijkman,male,1929,medicine,2,Utrecht University,Netherlands,71
Sir Frederick Hopkins,male,1929,medicine,2,University of Cambridge,United Kingdom,68
Karl Landsteiner,male,1930,medicine,1,Rockefeller Institute for Medical Research,USA,62
Otto Warburg,male,1931,medicine,1,Kaiser-Wilhelm-Institut (now Max-Planck-Institut) für Biologie,Germany,48
Sir Charles Sherrington,male,1932,medicine,2,University of Oxford,United Kingdom,75
Edgar Adrian,male,1932,medicine,2,University of Cambridge,United Kingdom,43
Thomas H. Morgan,male,1933,medicine,1,California Institute of Technology (Caltech),USA,67
George H. Whipple,male,1934,medicine,3,University of Rochester,USA,56
George R. Minot,male,1934,medicine,3,Harvard University,USA,49
William P. Murphy,male,1934,medicine,3,Harvard University,USA,42
Hans Spemann,male,1935,medicine,1,University of Freiburg im Breisgau,Germany,66
Sir Henry Dale,male,1936,medicine,2,National Institute for Medical Research,United Kingdom,61
Otto Loewi,male,1936,medicine,2,Graz University,Austria,63
Albert Szent-Györgyi,male,1937,medicine,1,Szeged University,Hungary,44
Corneille Heymans,male,1938,medicine,1,Ghent University,Belgium,46
Gerhard Domagk,male,1939,medicine,1,Munster University,Germany,44
Henrik Dam,male,1943,medicine,2,Polytechnic Institute,Denmark,48
Edward A. Doisy,male,1943,medicine,2,Saint Louis University,USA,50
Joseph Erlanger,male,1944,medicine,2,Washington University,USA,70
Herbert S. Gasser,male,1944,medicine,2,Rockefeller Institute for Medical Research,USA,56
Sir Alexander Fleming,male,1945,medicine,3,London University,United Kingdom,64
Ernst B. Chain,male,1945,medicine,3,University of Oxford,United Kingdom,39
Sir Howard Florey,male,1945,medicine,3,University of Oxford,United Kingdom,47
Hermann J. Muller,male,1946,medicine,1,Indiana University,USA,56
Carl Cori,male,1947,medicine,4,Washington University,USA,51
Gerty Cori,female,1947,medicine,4,Washington University,USA,51
Bernardo Houssay,male,1947,medicine,2,Instituto de Biologia y Medicina Experimental (Institute for Biology and Experimental Medicine),Argentina,60
Paul Müller,male,1948,medicine,1,Laboratorium der Farben-Fabriken J.R. Geigy A.G. (Laboratory of the J.R. Geigy Dye-Factory Co.),Switzerland,49
Walter Hess,male,1949,medicine,2,University of Zurich,Switzerland,68
Egas Moniz,male,1949,medicine,2,University of Lisbon,Portugal,75
Edward C. Kendall,male,1950,medicine,3,Mayo Clinic,USA,64
Tadeus Reichstein,male,1950,medicine,3,Basel University,Switzerland,53
Philip S. Hench,male,1950,medicine,3,Mayo Clinic,USA,54
Max Theiler,male,1951,medicine,1,Laboratories of the Division of Medicine and Public Health Rockefeller Foundation,USA,52
Selman A. Waksman,male,1952,medicine,1,Rutgers University,USA,64
Hans Krebs,male,1953,medicine,2,Sheffield University,United Kingdom,53
Fritz Lipmann,male,1953,medicine,2,Harvard Medical School,USA,54
John F. Enders,male,1954,medicine,3,Harvard Medical School,USA,57
Thomas H. Weller,male,1954,medicine,3,Research Division of Infectious Diseases Children's Medical Center,USA,39
Frederick C. Robbins,male,1954,medicine,3,Western Reserve University,USA,38
Hugo Theorell,male,1955,medicine,1,Karolinska Institutet Nobel Medical Institute,Sweden,52
André F. Cournand,male,1956,medicine,3,Columbia University Division Cardio-Pulmonary Laboratory Bellevue Hospital,USA,61
Werner Forssmann,male,1956,medicine,3,Mainz University,Germany,52
Dickinson W. Richards,male,1956,medicine,3,Columbia University,USA,61
Daniel Bovet,male,1957,medicine,1,Istituto Superiore di Sanità (Chief Institute of Public Health),Italy,50
George Beadle,male,1958,medicine,4,California Institute of Technology (Caltech),USA,55
Edward Tatum,male,1958,medicine,4,Rockefeller Institute for Medical Research,USA,49
Joshua Lederberg,male,1958,medicine,2,University of Wisconsin,USA,33
Severo Ochoa,male,1959,medicine,2,New York University College of Medicine,USA,54
Arthur Kornberg,male,1959,medicine,2,Stanford University,USA,41
Sir Frank Macfarlane Burnet,male,1960,medicine,2,Walter and Eliza Hall Institute for Medical Research,Australia,61
Peter Medawar,male,1960,medicine,2,University College,United Kingdom,45
Georg von Békésy,male,1961,medicine,1,Harvard University,USA,62
Francis Crick,male,1962,medicine,3,MRC Laboratory of Molecular Biology,United Kingdom,46
James Watson,male,1962,medicine,3,Harvard University,USA,34
Maurice Wilkins,male,1962,medicine,3,London University,United Kingdom,46
Sir John Eccles,male,1963,medicine,3,Australian National University,Australia,60
Alan Hodgkin,male,1963,medicine,3,University of Cambridge,United Kingdom,49
Andrew Huxley,male,1963,medicine,3,University College,United Kingdom,46
Konrad Bloch,male,1964,medicine,2,Harvard University,USA,52
Feodor Lynen,male,1964,medicine,2,Max-Planck-Institut für Zellchemie,Germany,53
François Jacob,male,1965,medicine,3,Institut Pasteur,France,45
André Lwoff,male,1965,medicine,3,Institut Pasteur,France,63
Jacques Monod,male,1965,medicine,3,Institut Pasteur,France,55
Peyton Rous,male,1966,medicine,2,Rockefeller University,USA,87
Charles B. Huggins,male,1966,medicine,2,University of Chicago Ben May Laboratory for Cancer Research,USA,65
Ragnar Granit,male,1967,medicine,3,Karolinska Institutet,Sweden,67
Keffer Hartline,male,1967,medicine,3,Rockefeller University,USA,64
George Wald,male,1967,medicine,3,Harvard University,USA,61
Robert W. Holley,male,1968,medicine,3,Cornell University,USA,46
H. Gobind Khorana,male,1968,medicine,3,University of Wisconsin,USA,46
Marshall W. Nirenberg,male,1968,medicine,3,National Institutes of Health,USA,41
Max Delbrück,male,1969,medicine,3,California Institute of Technology (Caltech),USA,63
Alfred D. Hershey,male,1969,medicine,3,Carnegie Institution of Washington,USA,61
Salvador E. Luria,male,1969,medicine,3,Massachusetts Institute of Technology (MIT),USA,57
Sir Bernard Katz,male,1970,medicine,3,University College,United Kingdom,59
Ulf von Euler,male,1970,medicine,3,Karolinska Institutet,Sweden,65
Julius Axelrod,male,1970,medicine,3,National Institutes of Health,USA,58
Earl W. Sutherland Jr.,male,1971,medicine,1,Vanderbilt University,USA,56
Gerald M. Edelman,male,1972,medicine,2,Rockefeller University,USA,43
Rodney R. Porter,male,1972,medicine,2,University of Oxford,United Kingdom,55
Karl von Frisch,male,1973,medicine,3,Zoologisches Institut der Universität München,Germany,87
Konrad Lorenz,male,1973,medicine,3,Konrad-Lorenz-Institut der Österreichischen Akademie der Wissen­schaften Forschungsstelle für Ethologie,Austria,70
Nikolaas Tinbergen,male,1973,medicine,3,University of Oxford,United Kingdom,66
Albert Claude,male,1974,medicine,3,Université Catholique de Louvain,Belgium,76
Christian de Duve,male,1974,medicine,3,Rockefeller University,USA,57
George E. Palade,male,1974,medicine,3,Yale University School of Medicine,USA,62
David Baltimore,male,1975,medicine,3,Massachusetts Institute of Technology (MIT),USA,37
Renato Dulbecco,male,1975,medicine,3,Imperial Cancer Research Fund Laboratory,United Kingdom,61
Howard M. Temin,male,1975,medicine,3,University of Wisconsin,USA,41
Baruch S. Blumberg,male,1976,medicine,2,The Institute for Cancer Research,USA,51
D. Carleton Gajdusek,male,1976,medicine,2,National Institutes of Health,USA,53
Roger Guillemin,male,1977,medicine,4,The Salk Institute,USA,53
Andrew V. Schally,male,1977,medicine,4,Veterans Administration Hospital,USA,51
Rosalyn Yalow,female,1977,medicine,2,Veterans Administration Hospital,USA,56
Werner Arber,male,1978,medicine,3,Biozentrum der Universität,Switzerland,49
Daniel Nathans,male,1978,medicine,3,Johns Hopkins University School of Medicine,USA,50
Hamilton O. Smith,male,1978,medicine,3,Johns Hopkins University School of Medicine,USA,47
Allan M. Cormack,male,1979,medicine,2,Tufts University,USA,55
Godfrey N. Hounsfield,male,1979,medicine,2,Central Research Laboratories EMI,United Kingdom,60
Baruj Benacerraf,male,1980,medicine,3,Harvard Medical School,USA,60
Jean Dausset,male,1980,medicine,3,Université de Paris Laboratoire Immuno-Hématologie,France,64
George D. Snell,male,1980,medicine,3,Jackson Laboratory,USA,77
Roger W. Sperry,male,1981,medicine,2,California Institute of Technology (Caltech),USA,68
David H. Hubel,male,1981,medicine,4,Harvard Medical School,USA,55
Torsten N. Wiesel,male,1981,medicine,4,Harvard Medical School,USA,57
Sune K. Bergström,male,1982,medicine,3,Karolinska Institutet,Sweden,66
Bengt I. Samuelsson,male,1982,medicine,3,Karolinska Institutet,Sweden,48
John R. Vane,male,1982,medicine,3,The Wellcome Research Laboratories,United Kingdom,55
Barbara McClintock,female,1983,medicine,1,Cold Spring Harbor Laboratory,USA,81
Niels K. Jerne,male,1984,medicine,3,Basel Institute for Immunology,Switzerland,73
Georges J.F. Köhler,male,1984,medicine,3,Basel Institute for Immunology,Switzerland,38
César Milstein,male,1984,medicine,3,MRC Laboratory of Molecular Biology,United Kingdom,57
Michael S. Brown,male,1985,medicine,2,University of Texas Southwestern Medical Center at Dallas,USA,44
Joseph L. Goldstein,male,1985,medicine,2,University of Texas Southwestern Medical Center at Dallas,USA,45
Stanley Cohen,male,1986,medicine,2,Vanderbilt University School of Medicine,USA,64
Rita Levi-Montalcini,female,1986,medicine,2,Institute of Cell Biology of the C.N.R.,Italy,77
Susumu Tonegawa,male,1987,medicine,1,Massachusetts Institute of Technology (MIT),USA,48
Sir James W. Black,male,1988,medicine,3,London University King's College Hospital Medical School,United Kingdom,64
Gertrude B. Elion,female,1988,medicine,3,Wellcome Research Laboratories,USA,70
George H. Hitchings,male,1988,medicine,3,Wellcome Research Laboratories,USA,83
J. Michael Bishop,male,1989,medicine,2,University of California School of Medicine,USA,53
Harold E. Varmus,male,1989,medicine,2,University of California School of Medicine,USA,50
Joseph E. Murray,male,1990,medicine,2,Brigham and Women's Hospital,USA,71
E. Donnall Thomas,male,1990,medicine,2,Fred Hutchinson Cancer Research Center,USA,70
Erwin Neher,male,1991,medicine,2,Max-Planck-Institut für Biophysikalische Chemie,Germany,47
Bert Sakmann,male,1991,medicine,2,Max-Planck-Institut für medizinische Forschung,Germany,49
Edmond H. Fischer,male,1992,medicine,2,University of Washington,USA,72
Edwin G. Krebs,male,1992,medicine,2,University of Washington,USA,74
Richard J. Roberts,male,1993,medicine,2,New England Biolabs,USA,50
Phillip A. Sharp,male,1993,medicine,2,Massachusetts Institute of Technology (MIT) Center for Cancer Research,USA,49
Alfred G. Gilman,male,1994,medicine,2,University of Texas Southwestern Medical Center at Dallas,USA,53
Martin Rodbell,male,1994,medicine,2,National Institute of Environmental Health Sciences,USA,69
Edward B. Lewis,male,1995,medicine,3,California Institute of Technology (Caltech),USA,77
Christiane Nüsslein-Volhard,female,1995,medicine,3,Max-Planck-Institut für Entwicklungsbiologie,Germany,53
Eric F. Wieschaus,male,1995,medicine,3,Princeton University,USA,48
Peter C. Doherty,male,1996,medicine,2,St. Jude Children's Research Hospital,USA,56
Rolf M. Zinkernagel,male,1996,medicine,2,University of Zurich Institute of Experimental Immunology,Switzerland,52
Stanley B. Prusiner,male,1997,medicine,1,University of California School of Medicine,USA,55
Robert F. Furchgott,male,1998,medicine,3,SUNY Health Science Center,USA,82
Louis J. Ignarro,male,1998,medicine,3,University of California School of Medicine,USA,57
Ferid Murad,male,1998,medicine,3,University of Texas Medical School at Houston,USA,62
Günter Blobel,male,1999,medicine,1,Rockefeller University,USA,63
Louis Renault,male,1907,peace,2,Sorbonne University,France,64
Nicholas Murray Butler,male,1931,peace,2,Columbia University,USA,69
Ralph Bunche,male,1950,peace,1,Harvard University,USA,46
Ragnar Frisch,male,1969,economics,2,University of Oslo,Norway,74
Jan Tinbergen,male,1969,economics,2,The Netherlands School of Economics,Netherlands,66
Paul A. Samuelson,male,1970,economics,1,Massachusetts Institute of Technology (MIT),USA,55
Simon Kuznets,male,1971,economics,1,Harvard University,USA,70
John R. Hicks,male,1972,economics,2,All Souls College,United Kingdom,68
Kenneth J. Arrow,male,1972,economics,2,Harvard University,USA,51
Wassily Leontief,male,1973,economics,1,Harvard University,USA,67
Leonid Vitaliyevich Kantorovich,male,1975,economics,2,Academy of Sciences,USSR (now Russia),63
Tjalling C. Koopmans,male,1975,economics,2,Yale University,USA,65
Milton Friedman,male,1976,economics,1,University of Chicago,USA,64
Bertil Ohlin,male,1977,economics,2,Stockholm School of Economics,Sweden,78
James E. Meade,male,1977,economics,2,University of Cambridge,United Kingdom,70
Herbert Simon,male,1978,economics,1,Carnegie Mellon University,USA,62
Theodore W. Schultz,male,1979,economics,2,University of Chicago,USA,77
Sir Arthur Lewis,male,1979,economics,2,Princeton University,USA,64
Lawrence R. Klein,male,1980,economics,1,University of Pennsylvania,USA,60
James Tobin,male,1981,economics,1,Yale University,USA,63
George J. Stigler,male,1982,economics,1,University of Chicago,USA,71
Gerard Debreu,male,1983,economics,1,University of California,USA,62
Richard Stone,male,1984,economics,1,University of Cambridge,United Kingdom,71
Franco Modigliani,male,1985,economics,1,Massachusetts Institute of Technology (MIT),USA,67
James M. Buchanan Jr.,male,1986,economics,1,Center for Study of Public Choice,USA,67
Robert M. Solow,male,1987,economics,1,Massachusetts Institute of Technology (MIT),USA,63
Maurice Allais,male,1988,economics,1,École Nationale Supérieur des Mines de Paris,France,77
Trygve Haavelmo,male,1989,economics,1,University of Oslo,Norway,78
Harry M. Markowitz,male,1990,economics,3,City University of New York,USA,63
Merton H. Miller,male,1990,economics,3,University of Chicago,USA,67
William F. Sharpe,male,1990,economics,3,Stanford University,USA,56
Ronald H. Coase,male,1991,economics,1,University of Chicago,USA,81
Gary Becker,male,1992,economics,1,University of Chicago,USA,62
Robert W. Fogel,male,1993,economics,2,University of Chicago,USA,66
Douglass C. North,male,1993,economics,2,Washington University,USA,73
John C. Harsanyi,male,1994,economics,3,University of California,USA,74
John F. Nash Jr.,male,1994,economics,3,Princeton University,USA,66
Reinhard Selten,male,1994,economics,3,Rheinische Friedrich-Wilhelms-Universität,Germany,64
Robert E. Lucas Jr.,male,1995,economics,1,University of Chicago,USA,58
James A. Mirrlees,male,1996,economics,2,University of Cambridge,United Kingdom,60
William Vickrey,male,1996,economics,2,Columbia University,USA,82
Robert C. Merton,male,1997,economics,2,Harvard University,USA,53
Myron Scholes,male,1997,economics,2,Long Term Capital Management,USA,56
Amartya Sen,male,1998,economics,1,Trinity College,United Kingdom,65
Robert Mundell,male,1999,economics,1,Columbia University,USA,67
Il´ja M. Frank,male,1958,physics,3,Lomonosov Moscow State University,USSR (now Russia),50
Arvid Carlsson,male,2000,medicine,3,Göteborg University,Sweden,77
Paul Greengard,male,2000,medicine,3,Rockefeller University,USA,75
Eric Kandel,male,2000,medicine,3,Columbia University,USA,71
Zhores Alferov,male,2000,physics,4,A.F. Ioffe Physico-Technical Institute,Russia,70
Herbert Kroemer,male,2000,physics,4,University of California,USA,72
Jack Kilby,male,2000,physics,2,Texas Instruments,USA,77
Alan Heeger,male,2000,chemistry,3,University of California,USA,64
Alan MacDiarmid,male,2000,chemistry,3,University of Pennsylvania,USA,73
Hideki Shirakawa,male,2000,chemistry,3,University of Tsukuba,Japan,64
James J. Heckman,male,2000,economics,2,University of Chicago,USA,56
Daniel L. McFadden,male,2000,economics,2,University of California,USA,63
Leland Hartwell,male,2001,medicine,3,Fred Hutchinson Cancer Research Center,USA,62
Tim Hunt,male,2001,medicine,3,Imperial Cancer Research Fund,United Kingdom,58
Sir Paul Nurse,male,2001,medicine,3,Imperial Cancer Research Fund,United Kingdom,52
Eric Cornell,male,2001,physics,3,University of Colorado JILA,USA,40
Wolfgang Ketterle,male,2001,physics,3,Massachusetts Institute of Technology (MIT),USA,44
Carl Wieman,male,2001,physics,3,University of Colorado JILA,USA,50
Ryoji Noyori,male,2001,chemistry,4,Nagoya University,Japan,63
Barry Sharpless,male,2001,chemistry,2,The Scripps Research Institute,USA,60
George A. Akerlof,male,2001,economics,3,University of California,USA,61
A. Michael Spence,male,2001,economics,3,Stanford University,USA,58
Joseph E. Stiglitz,male,2001,economics,3,Columbia University,USA,58
Sydney Brenner,male,2002,medicine,3,The Molecular Sciences Institute,USA,75
H. Robert Horvitz,male,2002,medicine,3,Massachusetts Institute of Technology (MIT),USA,55
John E. Sulston,male,2002,medicine,3,The Wellcome Trust Sanger Institute,United Kingdom,60
Raymond Davis Jr.,male,2002,physics,4,University of Pennsylvania,USA,88
Masatoshi Koshiba,male,2002,physics,4,University of Tokyo,Japan,76
Riccardo Giacconi,male,2002,physics,2,Associated Universities Inc.,USA,71
John B. Fenn,male,2002,chemistry,4,Virginia Commonwealth University,USA,85
Koichi Tanaka,male,2002,chemistry,4,Shimadzu Corp.,Japan,43
Kurt Wüthrich,male,2002,chemistry,2,Eidgenössische Technische Hochschule (Swiss Federal Institute of Technology),Switzerland,64
Daniel Kahneman,male,2002,economics,2,Princeton University,USA,68
Vernon L. Smith,male,2002,economics,2,George Mason University,USA,75
Paul C. Lauterbur,male,2003,medicine,2,University of Illinois,USA,74
Sir Peter Mansfield,male,2003,medicine,2,University of Nottingham School of Physics and Astronomy,United Kingdom,70
Alexei Abrikosov,male,2003,physics,3,Argonne National Laboratory,USA,75
Vitaly L. Ginzburg,male,2003,physics,3,P.N. Lebedev Physical Institute,Russia,87
Anthony J. Leggett,male,2003,physics,3,University of Illinois,USA,65
Peter Agre,male,2003,chemistry,2,Johns Hopkins University School of Medicine,USA,54
Roderick MacKinnon,male,2003,chemistry,2,Rockefeller University,USA,47
Robert F. Engle III,male,2003,economics,2,New York University,USA,61
Clive W.J. Granger,male,2003,economics,2,University of California,USA,69
Richard Axel,male,2004,medicine,2,Columbia University,USA,58
Linda B. Buck,female,2004,medicine,2,Fred Hutchinson Cancer Research Center,USA,57
David J. Gross,male,2004,physics,3,University of California Kavli Institute for Theoretical Physics,USA,63
H. David Politzer,male,2004,physics,3,California Institute of Technology (Caltech),USA,55
Frank Wilczek,male,2004,physics,3,Massachusetts Institute of Technology (MIT),USA,53
Aaron Ciechanover,male,2004,chemistry,3,Technion - Israel Institute of Technology,Israel,57
Avram Hershko,male,2004,chemistry,3,Technion - Israel Institute of Technology,Israel,67
Irwin Rose,male,2004,chemistry,3,University of California,USA,78
Finn E. Kydland,male,2004,economics,2,Carnegie Mellon University,USA,61
Edward C. Prescott,male,2004,economics,2,Arizona State University,USA,64
Barry J. Marshall,male,2005,medicine,2,NHMRC Helicobacter pylori Research Laboratory QEII Medical Centre,Australia,54
Roy J. Glauber,male,2005,physics,2,Harvard University,USA,80
John L. Hall,male,2005,physics,4,University of Colorado JILA,USA,71
Theodor W. Hänsch,male,2005,physics,4,Max-Planck-Institut für Quantenoptik,Germany,64
Yves Chauvin,male,2005,chemistry,3,Institut Français du Pétrole,France,75
Robert H. Grubbs,male,2005,chemistry,3,California Institute of Technology (Caltech),USA,63
Richard R. Schrock,male,2005,chemistry,3,Massachusetts Institute of Technology (MIT),USA,60
Robert J. Aumann,male,2005,economics,2,University of Jerusalem Center for RationalityHebrew,Israel,75
Thomas C. Schelling,male,2005,economics,2,University of Maryland Department of Economics and School of Public Policy,USA,84
Andrew Z. Fire,male,2006,medicine,2,Stanford University School of Medicine,USA,47
Craig C. Mello,male,2006,medicine,2,University of Massachusetts Medical School,USA,46
John C. Mather,male,2006,physics,2,NASA Goddard Space Flight Center,USA,60
George F. Smoot,male,2006,physics,2,University of California,USA,61
Roger D. Kornberg,male,2006,chemistry,1,Stanford University,USA,59
Edmund S. Phelps,male,2006,economics,1,Columbia University,USA,73
Mario R. Capecchi,male,2007,medicine,3,University of Utah,USA,70
Sir Martin J. Evans,male,2007,medicine,3,Cardiff University,United Kingdom,66
Oliver Smithies,male,2007,medicine,3,University of North Carolina,USA,82
Albert Fert,male,2007,physics,2,Universit&eacute; Paris-Sud,France,69
Peter Grünberg,male,2007,physics,2,Forschungszentrum J&uuml;lich,Germany,68
Gerhard Ertl,male,2007,chemistry,1,Fritz-Haber-Institut der Max-Planck-Gesellschaft,Germany,71
Leonid Hurwicz,male,2007,economics,3,University of Minnesota,USA,90
Eric S. Maskin,male,2007,economics,3,Institute for Advanced Study,USA,57
Roger B. Myerson,male,2007,economics,3,University of Chicago,USA,56
Harald zur Hausen,male,2008,medicine,2,German Cancer Research Center,Germany,72
Françoise Barré-Sinoussi,female,2008,medicine,4,Regulation of Retroviral Infections Unit Virology Department Institut Pasteur,France,61
Luc Montagnier,male,2008,medicine,4,World Foundation for AIDS Research and Prevention,France,76
Yoichiro Nambu,male,2008,physics,2,Enrico Fermi Institute University of Chicago,USA,87
Makoto Kobayashi,male,2008,physics,4,High Energy Accelerator Research Organization (KEK),Japan,64
Toshihide Maskawa,male,2008,physics,4,Kyoto Sangyo University,Japan,68
Osamu Shimomura,male,2008,chemistry,3,Marine Biological Laboratory (MBL),USA,80
Martin Chalfie,male,2008,chemistry,3,Columbia University,USA,61
Roger Y. Tsien,male,2008,chemistry,3,University of California,USA,56
Paul Krugman,male,2008,economics,1,Princeton University,USA,55
Elizabeth H. Blackburn,female,2009,medicine,3,University of California,USA,61
Carol W. Greider,female,2009,medicine,3,Johns Hopkins University School of Medicine,USA,48
Jack W. Szostak,male,2009,medicine,3,Harvard Medical School,USA,57
Charles K. Kao,male,2009,physics,2,Standard Telecommunication Laboratories,United Kingdom,76
Willard S. Boyle,male,2009,physics,4,Bell Laboratories,USA,85
George E. Smith,male,2009,physics,4,Bell Laboratories,USA,79
Venkatraman Ramakrishnan,male,2009,chemistry,3,MRC Laboratory of Molecular Biology,United Kingdom,57
Thomas A. Steitz,male,2009,chemistry,3,Yale University,USA,69
Ada E. Yonath,female,2009,chemistry,3,Weizmann Institute of Science,Israel,70
Elinor Ostrom,female,2009,economics,2,Indiana University,USA,76
Oliver E. Williamson,male,2009,economics,2,University of California,USA,77
Robert G. Edwards,male,2010,medicine,1,University of Cambridge,United Kingdom,85
Andre Geim,male,2010,physics,2,University of Manchester,United Kingdom,52
Konstantin Novoselov,male,2010,physics,2,University of Manchester,United Kingdom,36
Richard F. Heck,male,2010,chemistry,3,University of Delaware,USA,79
Ei-ichi Negishi,male,2010,chemistry,3,Purdue University,USA,75
Akira Suzuki,male,2010,chemistry,3,Hokkaido University,Japan,80
Peter A. Diamond,male,2010,economics,3,Massachusetts Institute of Technology (MIT),USA,70
Dale T. Mortensen,male,2010,economics,3,Northwestern University,USA,71
Christopher A. Pissarides,male,2010,economics,3,London School of Economics and Political Science,United Kingdom,62
Bruce A. Beutler,male,2011,medicine,4,University of Texas Southwestern Medical Center at Dallas,USA,54
Jules A. Hoffmann,male,2011,medicine,4,University of Strasbourg,France,70
Ralph M. Steinman,male,2011,medicine,2,Rockefeller University,USA,68
Saul Perlmutter,male,2011,physics,2,Lawrence Berkeley National Laboratory,USA,52
Brian P. Schmidt,male,2011,physics,4,Australian National University,Australia,44
Adam G. Riess,male,2011,physics,4,Johns Hopkins University,USA,42
Dan Shechtman,male,2011,chemistry,1,Technion - Israel Institute of Technology,Israel,70
Thomas J. Sargent,male,2011,economics,2,New York University,USA,68
Christopher A. Sims,male,2011,economics,2,Princeton University,USA,69
Sir John B. Gurdon,male,2012,medicine,2,Gurdon Institute,United Kingdom,79
Shinya Yamanaka,male,2012,medicine,2,Kyoto University,Japan,50
Serge Haroche,male,2012,physics,2,Collège de France,France,68
David J. Wineland,male,2012,physics,2,National Institute of Standards and Technology,USA,68
Brian Kobilka,male,2012,chemistry,2,Stanford University School of Medicine,USA,57
Alvin E. Roth,male,2012,economics,2,Harvard University,USA,61
Lloyd S. Shapley,male,2012,economics,2,University of California,USA,89
James E. Rothman,male,2013,medicine,3,Yale University,USA,63
Randy W. Schekman,male,2013,medicine,3,University of California,USA,65
Thomas C. Südhof,male,2013,medicine,3,Stanford University,USA,58
François Englert,male,2013,physics,2,Université Libre de Bruxelles,Belgium,81
Peter Higgs,male,2013,physics,2,University of Edinburgh,United Kingdom,84
Martin Karplus,male,2013,chemistry,3,Université de Strasbourg,France,83
Michael Levitt,male,2013,chemistry,3,Stanford University School of Medicine,USA,66
Arieh Warshel,male,2013,chemistry,3,University of Southern California,USA,73
Eugene F. Fama,male,2013,economics,3,University of Chicago,USA,74
Lars Peter Hansen,male,2013,economics,3,University of Chicago,USA,61
Robert J. Shiller,male,2013,economics,3,Yale University,USA,67
John O'Keefe,male,2014,medicine,2,University College,United Kingdom,75
May-Britt Moser,female,2014,medicine,4,Norwegian University of Science and Technology (NTNU),Norway,51
Edvard I. Moser,male,2014,medicine,4,Norwegian University of Science and Technology (NTNU),Norway,52
Isamu Akasaki,male,2014,physics,3,Meijo University,Japan,85
Hiroshi Amano,male,2014,physics,3,Nagoya University,Japan,54
Shuji Nakamura,male,2014,physics,3,University of California,USA,60
Eric Betzig,male,2014,chemistry,3,Janelia Research Campus Howard Hughes Medical Institute,USA,54
Stefan W. Hell,male,2014,chemistry,3,Max Planck Institute for Biophysical Chemistry,Germany,52
William E. Moerner,male,2014,chemistry,3,Stanford University,USA,61
Jean Tirole,male,2014,economics,1,Toulouse School of Economics (TSE),France,61
William C. Campbell,male,2015,medicine,4,Drew University,USA,85
Satoshi &#332;mura,male,2015,medicine,4,Kitasato University,Japan,80
Youyou Tu,female,2015,medicine,2,China Academy of Traditional Chinese Medicine,China,85
Takaaki Kajita,male,2015,physics,2,University of Tokyo,Japan,56
Arthur B. McDonald,male,2015,physics,2,Queen's University,Canada,72
Tomas Lindahl,male,2015,chemistry,3,Francis Crick Institute,United Kingdom,77
Paul Modrich,male,2015,chemistry,3,Howard Hughes Medical Institute,USA,69
Aziz Sancar,male,2015,chemistry,3,University of North Carolina,USA,69
Angus Deaton,male,2015,economics,1,Princeton University,USA,70
Yoshinori Ohsumi,male,2016,medicine,1,Tokyo Institute of Technology,Japan,71
David J. Thouless,male,2016,physics,2,University of Washington,USA,82
F. Duncan M. Haldane,male,2016,physics,4,Princeton University,USA,65
J. Michael Kosterlitz,male,2016,physics,4,Brown University,USA,73
Jean-Pierre Sauvage,male,2016,chemistry,3,University of Strasbourg,France,72
Sir J. Fraser Stoddart,male,2016,chemistry,3,Northwestern University,USA,74
Bernard L. Feringa,male,2016,chemistry,3,University of Groningen,Netherlands,65
Oliver Hart,male,2016,economics,2,Harvard University,USA,68
Bengt Holmström,male,2016,economics,2,Massachusetts Institute of Technology (MIT),USA,67
Jeffrey C. Hall,male,2017,medicine,3,University of Maine,USA,72
Michael Rosbash,male,2017,medicine,3,Brandeis University,USA,73
Michael W. Young,male,2017,medicine,3,Rockefeller University,USA,68
Jacques Dubochet,male,2017,chemistry,3,University of Lausanne,Switzerland,75
Joachim Frank,male,2017,chemistry,3,Columbia University,USA,77
Richard Henderson,male,2017,chemistry,3,MRC Laboratory of Molecular Biology,United Kingdom,72
Richard H. Thaler,male,2017,economics,1,University of Chicago,USA,72
James P. Allison,male,2018,medicine,2,Parker Institute for Cancer Immunotherapy,USA,70
Tasuku Honjo,male,2018,medicine,2,Kyoto University,Japan,76
Arthur Ashkin,male,2018,physics,2,Bell Laboratories,USA,96
Gérard Mourou,male,2018,physics,4,École Polytechnique,France,74
Donna Strickland,female,2018,physics,4,University of Waterloo,Canada,59
Frances H. Arnold,female,2018,chemistry,2,California Institute of Technology (Caltech),USA,62
George P. Smith,male,2018,chemistry,4,University of Missouri,USA,77
Sir Gregory P. Winter,male,2018,chemistry,4,MRC Laboratory of Molecular Biology,United Kingdom,67
William D. Nordhaus,male,2018,economics,2,Yale University,USA,77
Paul M. Romer,male,2018,economics,2,NYU Stern School of Business,USA,63
William Kaelin,male,2019,medicine,3,Harvard Medical School,USA,62
Peter Ratcliffe,male,2019,medicine,3,University of Oxford,United Kingdom,65
Gregg Semenza,male,2019,medicine,3,Johns Hopkins University,USA,63
James Peebles,male,2019,physics,2,Princeton University,USA,84
Michel Mayor,male,2019,physics,4,University of Geneva,Switzerland,77
Didier Queloz,male,2019,physics,4,University of Geneva,Switzerland,53
John Goodenough,male,2019,chemistry,3,University of Texas,USA,97
M. Stanley Whittingham,male,2019,chemistry,3,Binghamton University State University of New York,USA,78
Akira Yoshino,male,2019,chemistry,3,Asahi Kasei Corporation,Japan,71
Abhijit Banerjee,male,2019,economics,3,Massachusetts Institute of Technology (MIT),USA,58
Esther Duflo,female,2019,economics,3,Massachusetts Institute of Technology (MIT),USA,47
Michael Kremer,male,2019,economics,3,Harvard University,USA,55
